{"main":{"it":{"identity":{"version":{"_number":"$Revision: 13260 $","_cldrVersion":"31.0.1"},"language":"it"},"dates":{"calendars":{"gregorian":{"months":{"format":{"abbreviated":{"1":"gen","2":"feb","3":"mar","4":"apr","5":"mag","6":"giu","7":"lug","8":"ago","9":"set","10":"ott","11":"nov","12":"dic"},"narrow":{"1":"G","2":"F","3":"M","4":"A","5":"M","6":"G","7":"L","8":"A","9":"S","10":"O","11":"N","12":"D"},"wide":{"1":"gennaio","2":"febbraio","3":"marzo","4":"aprile","5":"maggio","6":"giugno","7":"luglio","8":"agosto","9":"settembre","10":"ottobre","11":"novembre","12":"dicembre"}},"stand-alone":{"abbreviated":{"1":"gen","2":"feb","3":"mar","4":"apr","5":"mag","6":"giu","7":"lug","8":"ago","9":"set","10":"ott","11":"nov","12":"dic"},"narrow":{"1":"G","2":"F","3":"M","4":"A","5":"M","6":"G","7":"L","8":"A","9":"S","10":"O","11":"N","12":"D"},"wide":{"1":"gennaio","2":"febbraio","3":"marzo","4":"aprile","5":"maggio","6":"giugno","7":"luglio","8":"agosto","9":"settembre","10":"ottobre","11":"novembre","12":"dicembre"}}},"days":{"format":{"abbreviated":{"sun":"dom","mon":"lun","tue":"mar","wed":"mer","thu":"gio","fri":"ven","sat":"sab"},"narrow":{"sun":"D","mon":"L","tue":"M","wed":"M","thu":"G","fri":"V","sat":"S"},"short":{"sun":"dom","mon":"lun","tue":"mar","wed":"mer","thu":"gio","fri":"ven","sat":"sab"},"wide":{"sun":"domenica","mon":"lunedì","tue":"martedì","wed":"mercoledì","thu":"giovedì","fri":"venerdì","sat":"sabato"}},"stand-alone":{"abbreviated":{"sun":"dom","mon":"lun","tue":"mar","wed":"mer","thu":"gio","fri":"ven","sat":"sab"},"narrow":{"sun":"D","mon":"L","tue":"M","wed":"M","thu":"G","fri":"V","sat":"S"},"short":{"sun":"dom","mon":"lun","tue":"mar","wed":"mer","thu":"gio","fri":"ven","sat":"sab"},"wide":{"sun":"domenica","mon":"lunedì","tue":"martedì","wed":"mercoledì","thu":"giovedì","fri":"venerdì","sat":"sabato"}}},"quarters":{"format":{"abbreviated":{"1":"T1","2":"T2","3":"T3","4":"T4"},"narrow":{"1":"1","2":"2","3":"3","4":"4"},"wide":{"1":"1º trimestre","2":"2º trimestre","3":"3º trimestre","4":"4º trimestre"}},"stand-alone":{"abbreviated":{"1":"T1","2":"T2","3":"T3","4":"T4"},"narrow":{"1":"1","2":"2","3":"3","4":"4"},"wide":{"1":"1º trimestre","2":"2º trimestre","3":"3º trimestre","4":"4º trimestre"}}},"dayPeriods":{"format":{"abbreviated":{"midnight":"mezzanotte","am":"AM","noon":"mezzogiorno","pm":"PM","morning1":"di mattina","afternoon1":"del pomeriggio","evening1":"di sera","night1":"di notte"},"narrow":{"midnight":"mezzanotte","am":"m.","noon":"mezzogiorno","pm":"p.","morning1":"mattina","afternoon1":"pomeriggio","evening1":"sera","night1":"notte"},"wide":{"midnight":"mezzanotte","am":"AM","noon":"mezzogiorno","pm":"PM","morning1":"di mattina","afternoon1":"del pomeriggio","evening1":"di sera","night1":"di notte"}},"stand-alone":{"abbreviated":{"midnight":"mezzanotte","am":"AM","noon":"mezzogiorno","pm":"PM","morning1":"mattina","afternoon1":"pomeriggio","evening1":"sera","night1":"notte"},"narrow":{"midnight":"mezzanotte","am":"m.","noon":"mezzogiorno","pm":"p.","morning1":"mattina","afternoon1":"pomeriggio","evening1":"sera","night1":"notte"},"wide":{"midnight":"mezzanotte","am":"AM","noon":"mezzogiorno","pm":"PM","morning1":"mattina","afternoon1":"pomeriggio","evening1":"sera","night1":"notte"}}},"eras":{"eraNames":{"0":"avanti Cristo","1":"dopo Cristo","0-alt-variant":"avanti Era Volgare","1-alt-variant":"Era Volgare"},"eraAbbr":{"0":"a.C.","1":"d.C.","0-alt-variant":"a.E.V.","1-alt-variant":"E.V."},"eraNarrow":{"0":"aC","1":"dC","0-alt-variant":"BCE","1-alt-variant":"CE"}},"dateFormats":{"full":"EEEE d MMMM y","long":"d MMMM y","medium":"dd MMM y","short":"dd/MM/yy"},"timeFormats":{"full":"HH:mm:ss zzzz","long":"HH:mm:ss z","medium":"HH:mm:ss","short":"HH:mm"},"dateTimeFormats":{"full":"{1} {0}","long":"{1} {0}","medium":"{1}, {0}","short":"{1}, {0}","availableFormats":{"d":"d","E":"ccc","Ed":"E d","Ehm":"E h:mm a","EHm":"E HH:mm","Ehms":"E h:mm:ss a","EHms":"E HH:mm:ss","Gy":"y G","GyMMM":"MMM y G","GyMMMd":"d MMM y G","GyMMMEd":"E d MMM y G","h":"h a","H":"HH","hm":"h:mm a","Hm":"HH:mm","hms":"h:mm:ss a","Hms":"HH:mm:ss","hmsv":"h:mm:ss a v","Hmsv":"HH:mm:ss v","hmv":"h:mm a v","Hmv":"HH:mm v","M":"L","Md":"d/M","MEd":"E d/M","MMM":"LLL","MMMd":"d MMM","MMMEd":"E d MMM","MMMMd":"d MMMM","MMMMW-count-one":"'settimana' W 'di' MMM","MMMMW-count-other":"'settimana' W 'di' MMM","ms":"mm:ss","y":"y","yM":"M/y","yMd":"d/M/y","yMEd":"E d/M/y","yMMM":"MMM y","yMMMd":"d MMM y","yMMMEd":"E d MMM y","yMMMM":"MMMM y","yQQQ":"QQQ y","yQQQQ":"QQQQ y","yw-count-one":"'settimana' w 'del' y","yw-count-other":"'settimana' w 'del' y"},"appendItems":{"Day":"{0} ({2}: {1})","Day-Of-Week":"{0} {1}","Era":"{1} {0}","Hour":"{0} ({2}: {1})","Minute":"{0} ({2}: {1})","Month":"{0} ({2}: {1})","Quarter":"{0} ({2}: {1})","Second":"{0} ({2}: {1})","Timezone":"{0} {1}","Week":"{0} ({2}: {1})","Year":"{1} {0}"},"intervalFormats":{"intervalFormatFallback":"{0} - {1}","d":{"d":"d–d"},"h":{"a":"h a – h a","h":"h–h a"},"H":{"H":"HH–HH"},"hm":{"a":"h:mm a – h:mm a","h":"h:mm–h:mm a","m":"h:mm–h:mm a"},"Hm":{"H":"HH:mm–HH:mm","m":"HH:mm–HH:mm"},"hmv":{"a":"h:mm a – h:mm a v","h":"h:mm–h:mm a v","m":"h:mm–h:mm a v"},"Hmv":{"H":"HH:mm–HH:mm v","m":"HH:mm–HH:mm v"},"hv":{"a":"h a – h a v","h":"h–h a v"},"Hv":{"H":"HH–HH v"},"M":{"M":"M–M"},"Md":{"d":"dd/MM – dd/MM","M":"dd/MM – dd/MM"},"MEd":{"d":"E dd/MM – E dd/MM","M":"E dd/MM – E dd/MM"},"MMM":{"M":"MMM–MMM"},"MMMd":{"d":"dd–dd MMM","M":"dd MMM – dd MMM"},"MMMEd":{"d":"E dd – E dd MMM","M":"E dd MMM – E dd MMM"},"y":{"y":"y–y"},"yM":{"M":"MM/y – MM/y","y":"MM/y – MM/y"},"yMd":{"d":"dd/MM/y – dd/MM/y","M":"dd/MM/y – dd/MM/y","y":"dd/MM/y – dd/MM/y"},"yMEd":{"d":"E dd/MM/y – E dd/MM/y","M":"E dd/MM/y – E dd/MM/y","y":"E dd/MM/y – E dd/MM/y"},"yMMM":{"M":"MMM–MMM y","y":"MMM y – MMM y"},"yMMMd":{"d":"dd–dd MMM y","M":"dd MMM – dd MMM y","y":"dd MMM y – dd MMM y"},"yMMMEd":{"d":"E d – E d MMM y","M":"E d MMM – E d MMM y","y":"E d MMM y – E d MMM y"},"yMMMM":{"M":"MMMM–MMMM y","y":"MMMM y – MMMM y"}}}}}}}}}